,0
164000,0.7855168
122267,0.87862647
44219,0.89736074
123862,0.75852907
118508,0.83595455
165916,0.9158582
15135,0.8207507
134996,0.8713729
166459,0.8825719
11921,0.9117783
72429,0.85856646
195086,0.7686973
136895,0.8688025
147404,0.9376605
104832,0.7939812
157961,0.8462438
15352,0.8102842
258696,0.9184242
183571,0.82458705
212131,0.8570719
257771,0.82813996
58630,0.8731228
121310,0.82582957
247205,0.8495815
128509,0.93604815
258557,0.919683
50431,0.87309724
214289,0.91629565
171895,0.91121787
230098,0.8285343
8902,0.85696924
70245,0.8596319
120919,0.8887705
128556,0.8394215
216254,0.8880057
87443,0.87695646
146003,0.9071506
6891,0.82130474
104161,0.8747185
172907,0.8984481
144520,0.83130085
968,0.8717137
217014,0.7913327
38185,0.7009742
242699,0.7670341
1062,0.9030889
125600,0.8940551
90832,0.8423353
45047,0.8573593
60015,0.79387057
97765,0.8412238
215121,0.85293055
129743,0.81509966
211575,0.8817381
79842,0.89079344
206493,0.84122753
80030,0.8716663
251433,0.801687
66424,0.8613276
67705,0.9341882
30099,0.8435518
207415,0.88775223
158847,0.81022877
3027,0.8025741
33272,0.8483598
212776,0.8678849
72518,0.7867608
253797,0.7852833
163391,0.786964
76284,0.84703654
138320,0.8076392
20625,0.9215512
93663,0.8406289
76746,0.89662766
77542,0.7878436
212509,0.90967184
24866,0.83770436
174523,0.8992774
222617,0.9032241
52135,0.7591932
235891,0.7662094
24425,0.84518594
139199,0.8869557
101193,0.9056834
152824,0.8779001
82627,0.84853315
86750,0.808907
79346,0.87428975
234175,0.95300376
201959,0.8081442
193994,0.83174735
206618,0.9073775
240500,0.8417596
26787,0.82516724
82911,0.8959083
99486,0.8363254
239132,0.7549786
203715,0.8716762
196625,0.8987078
188655,0.8528699
19841,0.8147204
130454,0.91611844
127559,0.7882295
210693,0.86021453
178466,0.80550325
56326,0.7702399
47610,0.81588644
204282,0.8276039
237632,0.7966383
60865,0.89228123
144022,0.87627345
176027,0.78455955
104907,0.8631288
28383,0.81105477
226575,0.8211495
106036,0.88697916
198499,0.87623703
19869,0.76523143
60987,0.73998946
106662,0.92433345
188100,0.8363139
110479,0.8404752
206939,0.8520329
156079,0.840841
87848,0.7755178
122653,0.80987656
89191,0.76272964
106966,0.8814368
238176,0.8752686
31018,0.8664998
164969,0.86173904
82054,0.87022084
13620,0.9037106
150786,0.89622587
212555,0.86415416
245323,0.8584271
2763,0.8705365
174396,0.8687226
38131,0.91495454
228629,0.86190665
3487,0.9232366
202408,0.8804386
170014,0.8512014
897,0.87856656
205334,0.8977467
178188,0.9172294
140997,0.9252259
27101,0.7197599
34011,0.85350543
123974,0.838831
157156,0.8402675
158089,0.8324977
100224,0.9183049
218837,0.9097578
136798,0.8942017
179814,0.84548295
138019,0.77756286
863,0.8562337
148117,0.8604414
115099,0.8019161
826,0.8411796
110247,0.82913613
195503,0.68334335
19042,0.904329
53470,0.90077126
2962,0.896999
251163,0.926266
231304,0.825496
208719,0.74627954
58208,0.84389186
25371,0.8538171
245206,0.8244896
183700,0.8553832
177183,0.81487924
9753,0.8089808
8432,0.8965213
68850,0.7982301
232997,0.8685505
118340,0.8431559
154419,0.88825583
215903,0.87437683
81714,0.857913
148695,0.87831634
102346,0.85166276
141604,0.8959524
206323,0.8024952
16352,0.82955056
188783,0.88925844
64955,0.8346128
18445,0.69446135
217843,0.9089399
75566,0.74626446
112143,0.87104243
77127,0.7865949
210263,0.8333408
118398,0.8584722
31770,0.8778758
83040,0.9170526
24861,0.87803644
102568,0.8839011
134927,0.69559854
230069,0.8790264
7081,0.93369687
99544,0.907153
239528,0.8943946
13204,0.81143457
205726,0.90383613
13826,0.8694299
216578,0.7569597
8632,0.87195075
84838,0.9062765
206387,0.9108126
194476,0.85053045
254467,0.8866588
134594,0.93245256
210076,0.91683596
169572,0.8600271
177212,0.8323992
201986,0.80022186
72216,0.8694662
204144,0.9157506
164129,0.88208306
213299,0.8533012
31491,0.9098981
243310,0.9681636
109958,0.9185233
208336,0.8383564
192484,0.8124597
90196,0.93333286
139763,0.7901861
24617,0.90392154
11202,0.81635916
149585,0.771934
175635,0.9231455
114915,0.8056789
134845,0.85115
28095,0.85501355
70561,0.82283074
168977,0.89322877
229398,0.8939482
203124,0.8714705
89473,0.7761198
2384,0.8419504
120588,0.9015715
34822,0.91683775
38077,0.8431201
168384,0.84969467
80678,0.859423
79543,0.8237399
125686,0.75766045
203487,0.7759529
2725,0.8069619
245441,0.878173
172064,0.8677991
116713,0.70080096
197685,0.8120524
100589,0.87540925
252749,0.9080766
113395,0.82714546
89045,0.87370574
124017,0.8998208
188601,0.93376225
239133,0.9423025
61450,0.9124675
29101,0.8174356
147743,0.8038333
209956,0.730757
128329,0.8043215
95963,0.8472488
39348,0.78413105
107865,0.85486937
235748,0.86497945
241439,0.8754887
221561,0.90490377
20422,0.8523918
152649,0.8988356
198035,0.8938182
40274,0.9298873
193477,0.83929
136714,0.7978917
186302,0.70519906
2622,0.8937525
226085,0.8483153
253308,0.7897155
246281,0.75826126
176200,0.77542096
91665,0.85431206
58210,0.82339627
73906,0.86077243
116170,0.8791944
147591,0.9003963
186826,0.8933162
216493,0.8464489
55829,0.9223101
207428,0.8915052
170949,0.7559946
198506,0.87803733
161105,0.88611585
37519,0.84666836
200020,0.824283
184705,0.8813259
35930,0.84875995
174583,0.87433016
89286,0.83651716
3073,0.76082784
147007,0.84127855
220122,0.94510794
172239,0.7820728
27732,0.8854948
145077,0.8626493
245189,0.92994523
211829,0.7721662
225248,0.9195272
172020,0.9268378
16431,0.88464034
179269,0.79646397
125475,0.6710194
170991,0.8469399
196342,0.8939994
150825,0.9120943
193970,0.86492014
110532,0.87190676
155139,0.7140641
220561,0.8264817
168041,0.91185457
178112,0.8986004
108233,0.8643977
202827,0.90309924
201622,0.86825055
123336,0.88702136
41608,0.8773745
108487,0.7831713
40965,0.87079465
52354,0.87231684
220958,0.7316054
119703,0.7804275
104604,0.85800546
192460,0.9104628
160821,0.80226177
127670,0.74108475
130647,0.86654705
214682,0.904349
123527,0.88201064
196776,0.72288525
211701,0.81201243
40675,0.8228132
124442,0.8770037
211093,0.72255856
181242,0.8560003
157153,0.8364556
201027,0.9402986
92719,0.88097847
10532,0.7710212
46024,0.8461172
227333,0.90475523
127816,0.8828323
144295,0.86575234
101713,0.83540773
230710,0.8393279
58742,0.74710304
89584,0.7339824
142183,0.75315475
128638,0.87930024
192837,0.8081112
140802,0.90005636
192893,0.89356637
193400,0.8542168
237006,0.85908663
126318,0.8507122
52237,0.7452528
68520,0.7862248
192677,0.7628021
77528,0.8813232
28339,0.92062885
77215,0.7282266
211876,0.8991465
192615,0.8519468
91245,0.87711227
20423,0.8615491
39649,0.74225986
161347,0.9081867
164201,0.8716161
64197,0.8580621
86972,0.81719905
31652,0.93369985
178253,0.9146383
228775,0.91303164
100651,0.87300223
115391,0.84700775
94335,0.9070288
172733,0.91480505
217420,0.88339865
55188,0.9463442
85048,0.85703796
140562,0.83779126
157003,0.88083726
155099,0.94557923
52838,0.7938755
39732,0.78298306
347,0.68759793
70016,0.9032882
182907,0.78879875
226879,0.7755539
230156,0.85993093
125440,0.9246427
27544,0.84053415
129501,0.88569325
186575,0.79187685
76467,0.8864779
9136,0.75185317
187714,0.9049053
114588,0.8833877
80903,0.7366957
187681,0.8886653
258226,0.9269621
230560,0.89745444
7189,0.85718256
113733,0.84765327
231306,0.89020896
218918,0.8624087
154331,0.81902194
37665,0.8875239
109805,0.795399
195013,0.83316964
251157,0.8403962
215783,0.8964886
197487,0.8890527
13422,0.78772324
238422,0.58381504
245252,0.86510295
81527,0.83068645
121123,0.9199857
9876,0.82804644
106169,0.79447234
212353,0.8933764
121083,0.809888
158724,0.85142094
69800,0.8741564
26156,0.90580434
154372,0.81864
131453,0.8617206
165579,0.8641626
253396,0.8799811
43134,0.89156663
17332,0.7113135
145336,0.82438177
150153,0.72920513
134001,0.9339975
18939,0.90339065
92232,0.92109114
15010,0.9154684
239119,0.82433355
77349,0.87146455
205864,0.77962345
39274,0.7770666
2871,0.7149881
79356,0.894736
187617,0.88644123
8383,0.894282
2277,0.84344834
176206,0.7379838
224279,0.8900245
30662,0.7792654
201265,0.8385634
213463,0.88826674
232384,0.8445608
218122,0.9200628
45502,0.90484107
91034,0.87109226
13097,0.77603215
57135,0.8082608
9527,0.91093993
142803,0.8368733
216988,0.75726414
37110,0.79397225
132559,0.8367388
176505,0.8142365
226437,0.83407354
128039,0.87312067
165619,0.81735426
68360,0.7885279
58,0.8940324
57797,0.83883816
125796,0.8646035
22180,0.802367
181967,0.8665037
153661,0.90568405
16454,0.8546859
8027,0.85210896
52084,0.8403446
17255,0.871283
231790,0.8071417
214802,0.7739288
252578,0.8701287
41343,0.90507317
134403,0.81409085
187728,0.8381694
65609,0.8315092
57815,0.8288887
181642,0.932644
169466,0.89610404
162823,0.8973348
183287,0.8744758
193606,0.8619083
27972,0.6976432
12242,0.82352924
164929,0.8720216
259705,0.8060075
3910,0.88023436
45801,0.87277263
89366,0.8985287
77102,0.8285894
215596,0.94037724
195236,0.93704474
159482,0.8355855
118079,0.8888256
131579,0.7630072
135034,0.87241083
106959,0.89371145
180156,0.8453903
177576,0.86615974
135046,0.8912946
14120,0.86250347
125818,0.8581908
105651,0.77309173
107001,0.78833175
84217,0.8515236
185242,0.8923346
9070,0.7973938
128648,0.8514274
79858,0.9202936
199850,0.8810942
40407,0.8912592
258531,0.8156507
94365,0.86380136
235367,0.90162283
208388,0.9188839
15567,0.84022564
16937,0.7716106
237127,0.7964302
208672,0.7592805
99057,0.89427316
235379,0.85021627
132292,0.8192756
205219,0.81715566
244036,0.9079077
110369,0.83718127
229759,0.7859316
226142,0.8517301
46031,0.81653345
67620,0.77091265
216838,0.90619266
60293,0.775383
109659,0.9202298
229518,0.88429666
184144,0.7633354
135807,0.8538668
227629,0.86288905
225371,0.86149645
124367,0.84599507
259850,0.9259747
186297,0.91887015
77249,0.95630544
256821,0.8989541
257596,0.8241588
53614,0.8794694
112951,0.91627645
151864,0.856913
55831,0.91008306
4194,0.83258426
128856,0.82781136
212134,0.8782438
235256,0.83312505
124471,0.8645112
232133,0.8968208
201431,0.6695086
255711,0.88056624
239886,0.86277825
158505,0.8893785
247003,0.7909339
167508,0.86970717
87049,0.87691414
194585,0.83256155
80606,0.6940265
34207,0.8863256
118355,0.84794587
143557,0.9298169
136276,0.8507003
118312,0.87534004
44195,0.8159782
44984,0.81698936
173475,0.828288
173395,0.86439824
256615,0.8735247
108478,0.7365842
244790,0.9259408
133025,0.8954748
13,0.91856325
47622,0.80283743
14368,0.8455852
9574,0.9035584
179941,0.81694674
254157,0.9058443
65622,0.8308597
90785,0.8908962
12449,0.75392395
79726,0.87447274
189406,0.87478715
247963,0.8204062
204822,0.86953443
172799,0.933749
66150,0.8814821
3836,0.88192725
97221,0.8123519
34785,0.855702
162370,0.9370714
126559,0.799464
123134,0.7923488
144457,0.8706099
36016,0.82624584
107885,0.8745146
17033,0.83914745
211734,0.94189984
107485,0.83370626
15586,0.9367448
226571,0.940921
82063,0.84186625
80281,0.9251646
102081,0.84262794
149338,0.81226754
56894,0.91784656
55633,0.8078765
183518,0.91764706
81763,0.79337835
240262,0.82933635
236925,0.6904595
73005,0.89915055
135384,0.8525162
152080,0.8438041
44226,0.9076014
7237,0.82869995
133612,0.7165984
214917,0.8799938
103132,0.8099355
19764,0.9007787
188309,0.86959535
218647,0.68464285
85451,0.8628634
113740,0.84511846
114505,0.8857871
8818,0.8950598
209843,0.71050876
47304,0.8652374
64627,0.92893517
256826,0.8081611
249527,0.76795405
27396,0.87033635
216936,0.8983328
191247,0.7350404
27156,0.8047204
2952,0.7471812
149715,0.79587233
36113,0.8865361
41872,0.86635137
137343,0.9332314
29116,0.8875199
186439,0.9408758
39510,0.67987233
27672,0.87681735
159151,0.85047835
225494,0.8358893
216575,0.8319586
203253,0.8912394
159144,0.8152793
228257,0.9134524
227856,0.9135129
43170,0.8558595
123594,0.7817014
88842,0.89202875
95374,0.9200105
42799,0.76012737
117,0.7946622
158526,0.78641826
169932,0.8016672
108044,0.81998384
227260,0.75112516
158175,0.86402917
15009,0.86100227
238528,0.8987272
46308,0.89894897
220571,0.8951442
127437,0.82667273
40443,0.86344826
206336,0.7265763
248813,0.8526796
74636,0.913874
142340,0.80908203
92338,0.8125386
225649,0.88133013
29313,0.84542024
170884,0.85653245
236742,0.81048185
198061,0.8194517
215399,0.80044043
118983,0.9054
237904,0.89903945
169171,0.85042626
151924,0.86091655
30116,0.8104011
194114,0.8197869
221018,0.8708487
24668,0.8958357
194427,0.78207564
981,0.7256925
195699,0.86769104
198559,0.87582755
116642,0.878596
161080,0.89972997
201312,0.9421824
250043,0.90194255
211348,0.93565243
181536,0.8244486
149000,0.7673411
15137,0.8485866
255831,0.8820649
107535,0.8585352
198669,0.92969096
108683,0.72635156
82265,0.9014958
127175,0.869528
259926,0.8239737
194749,0.81662875
46912,0.9456089
238161,0.8632233
127177,0.8040167
59589,0.87328684
33526,0.8602162
73135,0.9012477
96714,0.88851523
215119,0.85746366
154870,0.7981965
16686,0.8508004
1227,0.8985671
68030,0.8884675
50530,0.83027935
56404,0.75877327
131425,0.760642
87398,0.8193113
79664,0.7870346
227982,0.8101436
238934,0.9307833
34419,0.9121113
150895,0.886737
244896,0.8320441
85357,0.880771
165116,0.92581755
58653,0.8641354
157841,0.8128357
29674,0.8607109
228830,0.878505
85786,0.8869799
78680,0.7817793
89142,0.85701704
180996,0.8265413
24739,0.7833925
222575,0.86290467
19272,0.84626
195680,0.82458013
87029,0.8031318
127397,0.8741383
243408,0.88125294
122000,0.8340546
223808,0.72663015
30876,0.84289086
115374,0.929367
158990,0.910663
68514,0.89146084
68638,0.86426187
226793,0.88038355
189820,0.8166828
88703,0.8799239
190381,0.88587546
256610,0.8469438
146332,0.815975
255251,0.7755391
150644,0.69324666
220989,0.8550089
178669,0.8805892
38206,0.7936405
132536,0.8304429
198366,0.7966731
236702,0.7601558
208758,0.81551164
62186,0.7809028
15471,0.8551464
92111,0.8596391
198920,0.8424487
232459,0.7864642
21945,0.87926227
9177,0.8612941
173080,0.7461253
233252,0.9127017
195248,0.88758785
75949,0.9014275
126926,0.8814276
92988,0.7966819
100845,0.8409605
189412,0.89624447
151910,0.82836086
657,0.91737145
36830,0.83264625
42943,0.86224896
60170,0.7358272
236247,0.86885893
245042,0.8690449
10218,0.9229956
151567,0.82281667
144629,0.9090227
242526,0.83179027
40973,0.84792495
20290,0.894403
156369,0.88514805
225405,0.824965
117528,0.79299194
146346,0.8087312
242616,0.82784265
147298,0.90378785
162885,0.92416245
59548,0.8249845
260237,0.81211656
197292,0.8546041
29976,0.8640517
157131,0.7927974
132466,0.86596143
65446,0.8837277
108038,0.8842786
143907,0.84283483
146740,0.93828213
216977,0.9202526
153249,0.6889012
223567,0.8819535
201025,0.78663343
156014,0.87886775
29783,0.8315681
227952,0.91765237
214108,0.91430444
74506,0.75872105
259580,0.87582004
226340,0.86422974
172328,0.79856074
74556,0.8477378
196530,0.92208344
58875,0.94177145
58317,0.86752415
157600,0.754432
20127,0.867748
23995,0.7894835
162385,0.9433258
62807,0.9001224
182491,0.7879937
237440,0.791636
29323,0.8311792
211069,0.86410964
151218,0.89090014
127050,0.83190745
86824,0.8802429
232775,0.8801592
43583,0.8387608
64803,0.7683333
97256,0.79446703
215071,0.9158206
7809,0.8505141
40701,0.8719315
172913,0.8742141
215102,0.73372406
190810,0.85564303
58665,0.849231
193412,0.7758821
217132,0.8371638
48379,0.8256109
131783,0.8428759
159931,0.9235998
14893,0.80836326
8074,0.8110073
123174,0.89068
200372,0.75835097
166122,0.872481
4823,0.80177665
7285,0.77965343
121233,0.8435082
184298,0.79668266
88020,0.8762572
215103,0.89951605
8710,0.87608045
175697,0.85257375
247486,0.77528125
106523,0.7159233
6759,0.89297557
6907,0.83082366
28086,0.8291359
125292,0.77777153
43746,0.7739073
1354,0.81030405
46993,0.8750217
205546,0.90077484
88774,0.90151143
167511,0.88299066
113155,0.9071432
22541,0.8329365
31658,0.79036003
230972,0.7956706
152577,0.826418
148694,0.8716248
210938,0.7471635
54485,0.9320286
133076,0.9147889
6844,0.94435346
171144,0.9221769
33732,0.8962213
182946,0.84183055
54845,0.87171847
39522,0.84133744
44085,0.86071223
217450,0.8363791
180997,0.8149511
115351,0.8690525
62904,0.82340103
80232,0.87149405
143508,0.84337455
97218,0.80824184
213002,0.89404637
138437,0.8677685
255158,0.84692025
12113,0.8112063
205436,0.8241569
227243,0.9020047
203745,0.81525844
45244,0.8995854
177657,0.89345884
122902,0.8490441
101562,0.84028363
41804,0.87474203
83886,0.7310369
17584,0.86719745
109271,0.9032295
117623,0.8909099
12627,0.8735438
150059,0.87292576
195983,0.8226236
118023,0.92012745
252891,0.81705636
8830,0.9105915
29045,0.8512231
132514,0.8760026
35379,0.8590447
172767,0.8538265
37847,0.8620825
167466,0.81450796
10037,0.8379979
10996,0.868926
42067,0.90577364
82806,0.8448111
41115,0.8759378
146363,0.6743692
221352,0.86019635
151090,0.860594
137952,0.85911846
184564,0.8996597
231324,0.8753989
195097,0.83647275
250586,0.84304833
239910,0.92106605
42446,0.8353767
61410,0.88568294
219477,0.9128126
7423,0.885255
64500,0.9282211
143182,0.86953396
124413,0.9184235
54809,0.85375196
195355,0.82885206
115870,0.78759986
211745,0.8466353
225112,0.8796579
214159,0.7967676
62890,0.8811083
228158,0.880343
58265,0.7588786
98940,0.9062633
254688,0.71074504
260139,0.9133186
259643,0.924432
191014,0.8882625
35181,0.84451735
81747,0.70409936
102711,0.91451895
174502,0.9010805
84036,0.8118266
49904,0.8626483
200508,0.8345547
127376,0.84228545
124616,0.8391189
37608,0.8850865
50366,0.8922297
238817,0.9186529
253627,0.86326045
191229,0.8483737
206822,0.80988646
79599,0.8103537
176128,0.8912039
13634,0.8559896
102984,0.8941483
79754,0.80918056
30438,0.86715585
130677,0.90723807
254526,0.876391
23635,0.87576574
121444,0.8668412
138488,0.8682321
27353,0.81168056
176614,0.8874595
245160,0.8584147
42400,0.8693694
12907,0.9324433
239085,0.8607612
229959,0.88275164
149973,0.8862996
165066,0.85394764
64554,0.7992431
143287,0.8375559
102581,0.68717015
55499,0.753532
142043,0.8915523
139657,0.8810041
233738,0.78244907
105290,0.81823194
91287,0.8805
64127,0.8140699
64304,0.8999312
226106,0.830873
34665,0.7863901
174547,0.8786239
194471,0.6893376
259883,0.9068708
48586,0.8234006
126903,0.8204197
123050,0.9308416
205332,0.87542254
46008,0.87080544
76151,0.86379963
162910,0.8253737
135250,0.8307655
58529,0.91751766
44458,0.85017407
26092,0.93106157
18191,0.89049
112769,0.8712599
145613,0.8609906
186799,0.7992562
212390,0.946335
23415,0.9267093
134806,0.87714577
80878,0.8704707
244092,0.8193686
15600,0.8695383
137929,0.8192192
11930,0.8383323
197755,0.7812028
107276,0.82034105
160289,0.9069886
192,0.9021282
99200,0.8390785
234125,0.8367083
97289,0.8584881
99333,0.7645264
2734,0.88013345
240501,0.8325861
103519,0.8887148
150595,0.94962186
126848,0.86211276
125297,0.9118789
126782,0.92154604
8166,0.87661886
205335,0.9022538
193048,0.81586564
146130,0.8990118
76547,0.8700925
168649,0.89935374
66394,0.9185552
45208,0.8393872
177513,0.8495597
47950,0.76725656
50972,0.7078119
253298,0.92068565
250429,0.7771407
70502,0.93423915
232070,0.7847701
90681,0.87936264
119009,0.79198736
56709,0.90744835
116909,0.77744186
101217,0.8214821
198105,0.7856819
198928,0.90566844
118460,0.91261584
65485,0.8463102
126023,0.79977345
76530,0.7512803
189810,0.8567703
164023,0.85349655
118947,0.828728
147079,0.84547937
246675,0.8220998
91208,0.88990295
32270,0.8281307
82678,0.8904426
214770,0.7443071
84271,0.7858648
257500,0.79264784
72262,0.89617944
158840,0.9092897
105928,0.9272218
149323,0.89647347
77902,0.86569357
150741,0.8232807
177328,0.78619415
170652,0.9012855
18103,0.7748831
93833,0.7417204
200075,0.80627054
65426,0.89948946
79221,0.8934607
151762,0.88072526
222714,0.7983243
96669,0.8389202
79092,0.8746291
111684,0.9075847
89484,0.744503
207346,0.83048034
165230,0.8181678
223550,0.7056867
130323,0.88375866
201446,0.8482163
156251,0.908382
105953,0.9492265
127400,0.65341336
33296,0.806621
254250,0.81193215
238006,0.830308
186222,0.8530269
48481,0.76087534
194592,0.79141015
15918,0.78394556
75335,0.84795934
213356,0.818347
10613,0.88654923
116552,0.9034449
246358,0.7977547
188749,0.89190215
140357,0.849118
2759,0.8615144
42104,0.88032454
233133,0.8518156
133107,0.7123228
37473,0.87464213
215948,0.88793993
71169,0.89417607
40385,0.86553067
241650,0.9185226
61851,0.8208679
133421,0.8532301
160689,0.84075016
214205,0.7694668
103478,0.92196274
102970,0.8230186
125206,0.7706134
114660,0.8763914
256624,0.78022784
214240,0.88189423
90453,0.7822526
77831,0.88154584
64341,0.862751
222786,0.86034095
143564,0.90285265
70887,0.85019827
63971,0.9429844
428,0.7801685
72410,0.7998144
140383,0.7061024
210138,0.8000437
179277,0.8306733
123029,0.84617156
247030,0.89870626
20875,0.7554808
194871,0.8184331
59260,0.9238773
49298,0.8652253
37089,0.75725245
206413,0.79657125
193192,0.8794645
62579,0.8585952
29004,0.8025725
44726,0.83054703
148784,0.82975096
129215,0.8386684
190373,0.8192701
211911,0.85653156
74915,0.83897406
82301,0.89297813
33212,0.845664
224853,0.70161086
176791,0.8603298
176284,0.8990141
16346,0.89036834
70929,0.8820794
57372,0.69962204
162190,0.7425584
229491,0.87074655
26567,0.91343015
150227,0.7573468
259146,0.87017167
234845,0.7656262
19279,0.8948017
6196,0.88738495
82766,0.8186571
16481,0.8812985
243229,0.88258725
197054,0.87595695
119934,0.8497608
148803,0.9092448
85991,0.77042514
197377,0.89617956
251171,0.90288997
38544,0.91010207
252172,0.82212144
9614,0.85968363
64501,0.7542361
208646,0.77516866
169000,0.90293235
168539,0.80299103
6567,0.85370475
68838,0.8572139
254547,0.87108964
187597,0.905008
199974,0.8068129
79136,0.91248226
168306,0.87850326
119462,0.6594382
223590,0.8298025
37239,0.8585827
26048,0.86219305
81483,0.8445644
161560,0.7625642
128705,0.85994184
220324,0.8688434
27919,0.83948916
159018,0.8993016
248246,0.81414825
134771,0.8141182
109566,0.77443606
117263,0.82903016
41232,0.9273565
175398,0.892398
99650,0.9043927
80416,0.8481917
75870,0.902192
36360,0.73003423
207815,0.89223224
243497,0.75638175
245421,0.7522166
106823,0.7399277
6081,0.87895256
93155,0.85813177
206441,0.8488816
218286,0.8383238
26302,0.82921505
99147,0.87282443
108301,0.7514051
60640,0.8846047
169372,0.83974403
37280,0.8763416
23343,0.78418916
159196,0.8697603
168909,0.9178592
148139,0.8889079
73074,0.9037341
46340,0.81890416
192396,0.8990385
55003,0.8790134
118793,0.8265772
66042,0.88582814
221115,0.8347108
90933,0.8932147
35753,0.8790911
22016,0.76052934
80995,0.9277652
208786,0.8907241
197047,0.9217012
144076,0.9053918
204321,0.81581455
128126,0.90165836
134039,0.83628774
252997,0.8826067
100933,0.7427638
169203,0.90562373
19424,0.80143374
79902,0.8616521
9546,0.8729433
87903,0.8824356
75803,0.77881783
56400,0.8746447
181291,0.86308604
162726,0.61928225
73258,0.936476
36608,0.72667146
147517,0.75704473
251485,0.82594544
79794,0.8327969
159846,0.8349577
64600,0.933731
76337,0.8051455
145139,0.83895123
19840,0.8087946
169169,0.8439216
40952,0.85573286
30997,0.9087244
225258,0.8818104
163041,0.76929724
39671,0.8627126
244768,0.8950042
166164,0.85441464
99356,0.9181835
114699,0.8432443
18207,0.83062875
13608,0.953317
78178,0.8514484
196579,0.89112467
165907,0.8607486
231815,0.7496258
183937,0.80888
186786,0.6931335
192260,0.86170894
178140,0.88664234
94722,0.80398643
121641,0.91798717
181938,0.91756374
113925,0.7978169
18302,0.7932122
169137,0.7509802
237729,0.8299285
213276,0.84248763
239572,0.7831325
18308,0.76091236
237399,0.9218378
31467,0.82936406
254546,0.8794036
178568,0.8076209
133236,0.9173238
18490,0.8838009
90759,0.8491645
115345,0.8214067
119605,0.8739745
228962,0.81544197
220299,0.8808308
200169,0.90670425
5952,0.8369458
254199,0.81007665
178423,0.8771001
25779,0.9042942
8957,0.87359184
140326,0.82349664
156633,0.7878585
83305,0.9137572
9158,0.7441625
215619,0.87511235
57684,0.88793284
112215,0.88657784
175914,0.8896225
6479,0.90443
155453,0.8581492
149374,0.7930507
206165,0.90536803
61221,0.8789847
52536,0.8606655
194985,0.7906984
157229,0.79152036
119242,0.79958916
209927,0.8731858
36910,0.87647736
86231,0.6890533
80624,0.87393975
245940,0.8848448
19974,0.8026777
178231,0.89665246
22532,0.90588623
227688,0.8230979
31839,0.8593382
125894,0.93155956
102259,0.8587289
165494,0.9101423
239822,0.8657629
183001,0.79306054
30965,0.8800585
36722,0.82542914
83805,0.93055344
10983,0.88308704
113800,0.8174985
79687,0.8341125
59987,0.858422
164371,0.8767406
215106,0.7262784
173302,0.8113437
181327,0.8697099
54812,0.8606644
139046,0.9301437
252096,0.8373301
216589,0.9086776
119178,0.8293167
48070,0.80645114
155335,0.7791625
44357,0.75769156
202535,0.8997699
135248,0.6934444
84291,0.8098041
184450,0.844455
53135,0.8940594
43030,0.89484394
124530,0.8757746
194816,0.7624581
204892,0.82580554
176139,0.8975871
222103,0.903898
211401,0.86585915
182346,0.89077365
214844,0.80460984
221679,0.8409395
89013,0.90213686
165552,0.8966165
92332,0.8961319
120443,0.916903
183186,0.87002814
165489,0.8617903
19396,0.7925231
18265,0.92972
10188,0.8223847
228402,0.9076748
79437,0.8028625
230439,0.8833718
186471,0.8418003
222366,0.93323916
91546,0.8518876
102130,0.80737364
117812,0.8834457
105000,0.824942
68620,0.87998235
174155,0.9317383
169815,0.9065556
90852,0.92701787
33262,0.8970932
223309,0.7954282
53512,0.90712065
78940,0.77491134
154527,0.8772851
238805,0.8806652
32453,0.7841097
233891,0.8290385
218452,0.8459632
34046,0.9198103
68452,0.9042376
247473,0.81598043
96201,0.8229973
57925,0.8420339
11617,0.78677535
16992,0.925867
258414,0.91154265
92524,0.6963035
201182,0.8276012
85200,0.76797175
123727,0.8926108
236336,0.89894927
107492,0.8940433
107502,0.9082505
181386,0.89779437
16036,0.8913355
112698,0.8027051
222410,0.87233746
252908,0.87079024
38811,0.8732045
248480,0.8465495
101083,0.895919
14568,0.8210414
166511,0.8927318
13622,0.8270285
84284,0.8971138
210480,0.8813925
24758,0.8474702
158141,0.90257996
179391,0.91629153
176800,0.7420842
86386,0.86852634
226207,0.74814117
90002,0.85518533
230778,0.8377328
181453,0.8383822
54194,0.8637712
220554,0.81646025
161086,0.8252013
84324,0.8584557
239472,0.90980583
172288,0.87283885
28033,0.8391252
149273,0.8065488
203747,0.90942764
26351,0.82635045
30175,0.83338845
117474,0.82178724
256836,0.8313067
55139,0.9256626
129497,0.90418196
233263,0.79922676
148649,0.8835482
24045,0.8682466
159498,0.84564334
122408,0.8133635
10632,0.85711247
122290,0.85095423
228309,0.88062876
238711,0.8507415
156292,0.8497238
258959,0.8688607
57166,0.8739078
32937,0.886813
131174,0.90617424
29386,0.90420985
111688,0.82774895
166626,0.87360907
38480,0.8582535
113788,0.8000399
52360,0.90429807
80569,0.8196463
1761,0.818885
62569,0.8252152
130162,0.8166679
160988,0.87265253
192428,0.872613
118086,0.91310173
135263,0.8711319
157876,0.7880388
45594,0.8998953
141933,0.7690757
120451,0.8894595
180101,0.8360535
17367,0.927296
94063,0.8463426
95664,0.7722147
206143,0.8692304
247591,0.8383406
72027,0.7886825
124865,0.880565
72523,0.8113528
60711,0.7526876
95365,0.9205758
201198,0.79071695
143771,0.7950621
136174,0.79826534
22446,0.8442609
116872,0.8437157
131931,0.9018038
127056,0.8975417
247850,0.9179277
79273,0.90884566
58027,0.65116924
236006,0.8944628
125771,0.84251124
198067,0.8983441
252275,0.8691414
143488,0.95213985
252726,0.8535298
219993,0.8312582
143497,0.76803154
30685,0.7160731
236676,0.8858152
59602,0.91908056
56841,0.8843976
75647,0.84651446
179080,0.7832767
61463,0.86977565
219347,0.81160176
165712,0.86208415
106413,0.8120578
248763,0.8024657
16181,0.85913455
85882,0.82229114
135590,0.8366919
89159,0.8210793
80631,0.7659114
19891,0.8785407
184307,0.87798136
137073,0.8825957
108642,0.79731613
29016,0.8492018
111455,0.9016296
107826,0.8466609
12633,0.79789555
77647,0.83900124
120891,0.8983381
100014,0.8389672
165229,0.7459423
113771,0.8315414
137845,0.8725079
177606,0.89515007
85920,0.86034596
67304,0.8150461
207321,0.927782
205082,0.8729892
21387,0.80818695
169281,0.7448008
197643,0.80327845
66305,0.8083998
149665,0.8723425
221174,0.80046606
249201,0.88993686
98343,0.906127
195346,0.6807184
92177,0.8763636
524,0.849231
49065,0.9223365
171463,0.77668166
234817,0.8495894
51940,0.83464503
140618,0.87316144
32925,0.9254826
98361,0.75337124
15573,0.8336548
35844,0.93376523
6150,0.9013242
146467,0.8248856
163865,0.82551104
116004,0.7780361
22204,0.81625867
45791,0.8926617
189301,0.83978975
178821,0.84911
50237,0.7909113
44702,0.93759686
82339,0.89932
209135,0.86750567
230157,0.88527393
25402,0.9295321
159695,0.8562979
18896,0.74908113
181832,0.9002248
164530,0.83388907
176164,0.90179974
91846,0.8383159
92513,0.8643145
65414,0.9377763
141439,0.8150131
94854,0.84863883
12647,0.90265536
176273,0.94045484
176382,0.77506703
207964,0.84169084
4508,0.8206965
103828,0.9061813
229748,0.8527123
142435,0.89372325
5207,0.8881074
25570,0.84724814
247842,0.7465111
146539,0.903873
10862,0.8171689
163673,0.88512254
232239,0.7902528
258748,0.87653303
191435,0.92885023
255814,0.86966026
219439,0.8311878
227834,0.8663627
207173,0.82715285
31509,0.8505126
82583,0.91848934
193853,0.8525309
1785,0.8087388
204324,0.7653899
28128,0.86222625
80487,0.9473199
249307,0.82495075
33510,0.89317495
129764,0.8702573
174480,0.8152246
53530,0.85897523
125040,0.94325286
178168,0.80779594
250868,0.84222287
213582,0.8957734
197062,0.8477801
154696,0.8806851
39099,0.7994562
25776,0.8356738
98560,0.8872172
225646,0.7027265
243429,0.90119696
208557,0.9056786
101224,0.890224
82761,0.85474205
65541,0.89431703
82134,0.91512775
236679,0.8765965
138145,0.8621802
30267,0.8381099
235781,0.73509496
22723,0.7972266
182297,0.8166762
64684,0.84557414
75141,0.8400079
113514,0.90139884
77605,0.8036059
167921,0.9072992
64663,0.83604586
149687,0.88242203
22896,0.8151368
127740,0.8927229
162733,0.8997732
249758,0.853819
5905,0.9284342
59286,0.7464181
60436,0.7645997
128609,0.8993871
87138,0.79621726
255839,0.8143849
120453,0.90563244
36543,0.8805429
12715,0.86324966
142305,0.8811691
87275,0.85606813
151999,0.7909608
223401,0.8374903
17948,0.8783366
189488,0.88724893
238087,0.83703
212550,0.8663175
258917,0.7978405
33268,0.8106331
59921,0.84660083
52589,0.86624306
185190,0.880401
96142,0.8345929
23531,0.8200231
253,0.7854511
222836,0.89540386
168016,0.8880402
38685,0.9046871
19070,0.81021667
213230,0.85438895
224949,0.9016539
12337,0.85455734
113805,0.88408595
23919,0.898379
164964,0.8109437
215109,0.5572344
227048,0.83556914
168992,0.8840484
988,0.84049827
150258,0.8732294
66629,0.87004405
198314,0.85697234
260378,0.8617854
172712,0.84764725
24146,0.8917407
192886,0.8304751
160188,0.91046166
255714,0.8807859
70362,0.8070719
114122,0.8929882
80514,0.80648077
205129,0.7327065
19088,0.92534524
14213,0.8538911
87242,0.82681924
111236,0.91019356
35587,0.8497108
105858,0.7792938
133330,0.76723427
110937,0.8037742
109879,0.83088183
238069,0.8287216
144350,0.89642847
70755,0.8149885
138640,0.78663397
258473,0.88823164
199375,0.8328187
238868,0.90118676
46356,0.81055135
132781,0.8056657
104517,0.7856001
90621,0.8943548
77124,0.8043432
173497,0.94479436
215150,0.88009816
163771,0.86952835
70822,0.80053586
105110,0.8650303
113751,0.8765922
121372,0.82369566
201220,0.79221696
184682,0.7565414
122550,0.85673016
44424,0.81921345
140622,0.8780621
120021,0.8856246
82077,0.9315663
55999,0.8093389
138499,0.7852825
224436,0.90578794
46749,0.818477
110941,0.71633255
91328,0.8259761
235887,0.9067715
254203,0.8436527
95430,0.9287754
154249,0.8597365
166939,0.6760107
147029,0.8675281
167879,0.8556383
203720,0.82759804
201272,0.8179188
79492,0.78091276
199423,0.74617964
248814,0.8873387
259933,0.7945052
80933,0.9174141
92126,0.8135922
129366,0.8455354
198048,0.8651054
113852,0.84513414
218715,0.5718856
33940,0.7911256
184608,0.8560185
232490,0.84002095
147399,0.78681314
210352,0.8738864
45944,0.91616404
193791,0.8614967
249785,0.8817296
259500,0.880455
59164,0.81763875
254180,0.77518463
78192,0.9155906
90332,0.852211
201176,0.9182144
21549,0.8155772
169518,0.8428583
79063,0.80219704
202501,0.92703056
55867,0.8906076
105275,0.90941304
197935,0.89710635
160051,0.8898111
87444,0.9079092
113796,0.75672084
117233,0.88807976
61817,0.82710505
235431,0.849934
145306,0.8172864
223144,0.80144686
220655,0.81634533
230956,0.858357
48149,0.92482656
30291,0.84259444
168008,0.85328734
231571,0.8442042
77696,0.9123993
165917,0.8575243
36315,0.92531943
165167,0.88814044
95500,0.8890512
49816,0.8864902
134425,0.84216374
201777,0.9220028
167079,0.8074652
29264,0.8325731
163921,0.88170505
183347,0.85566694
110929,0.8974216
129212,0.93263274
167226,0.91501033
95276,0.91153127
104110,0.7973051
250074,0.8910969
88520,0.8922409
64681,0.87053406
181284,0.9045958
15951,0.84971404
194107,0.79480124
154785,0.8374482
64113,0.8571773
94620,0.80990696
37296,0.9225421
118453,0.93834835
79990,0.77502465
243707,0.8224024
199929,0.7305604
107926,0.9143156
36257,0.8310483
13328,0.90306026
87940,0.9366511
228698,0.8370909
19670,0.7409161
21641,0.6437629
113452,0.786293
55250,0.8305624
26109,0.8808159
227897,0.76140755
146416,0.8982438
145743,0.8930615
26811,0.79983217
248585,0.8785451
178766,0.88095945
191492,0.91458035
235446,0.72969663
55343,0.79953444
72897,0.90991706
54811,0.905235
94736,0.8486778
38924,0.8736689
180094,0.826866
43815,0.8501837
193931,0.93659556
192083,0.863445
163513,0.91380185
18819,0.89359283
174204,0.78938544
208913,0.8764686
143264,0.94265133
28495,0.73405004
78210,0.9254014
133924,0.8835797
125573,0.93823826
162376,0.8991063
163158,0.93021303
225662,0.8420275
185288,0.8961853
136973,0.8234961
221487,0.85698676
80115,0.7773864
180056,0.862773
4332,0.78676003
197216,0.7692971
110257,0.8838804
143276,0.7303615
70608,0.8057881
110608,0.9245904
237008,0.7981761
21709,0.8353518
211707,0.89193153
168273,0.9138623
252725,0.7675732
162340,0.8549205
73676,0.78431606
198128,0.8226199
219787,0.7134167
205337,0.8992828
172310,0.8555631
239283,0.8529038
214363,0.890009
35377,0.90621614
49236,0.8726074
182992,0.75822836
94801,0.9148001
126264,0.85061586
59718,0.87339854
55426,0.88502085
14541,0.8700254
44440,0.881983
137484,0.87514955
46446,0.868261
122747,0.8655487
134568,0.8638693
79600,0.90013593
386,0.798787
45268,0.8410671
48161,0.8077268
55892,0.86056185
41496,0.8774073
204225,0.80706096
109956,0.8063851
245866,0.82196707
231396,0.8265755
14124,0.78246474
3862,0.86109746
200855,0.87051207
219230,0.8677645
24734,0.8728814
226865,0.8617051
167603,0.8912682
215134,0.8420509
204305,0.78764975
27794,0.8269144
180489,0.8479342
